junction_aa	v_call	barcode16_trim_filt13_tsvfilter	barcode10_trim_filt13_tsvfilter	barcode13_trim_filt13_tsvfilter	filtered_20221129_barcode01	filtered_20221129_barcode02	filtered_20221129_barcode03	filtered_20221219_barcode01	filtered_20221219_barcode02	filtered_20221219_barcode03	Total Geral	covabdab_sequence	similarity_percentage
CSSYTSSSTLVF	IGLV1-36	129.0	75.0	10.0	4404.0	2321.0	1523.0	19009.0	9976.0	5967.0	43414	P008_076	83.33
CSSYTSSSTWVF	IGLV1-44	77.0	79.0		1704.0	2288.0	73.0	7244.0	9983.0	324.0	21772	COVA1-08	83.33
CSSYTSSSTYVF	IGLV1-44	38.0	65.0	1.0	1038.0	1851.0	20.0	4016.0	7484.0	48.0	14561	S2H97	83.33
CAAWDDSLNGYVF	IGLV1-36	25.0	15.0	12.0	459.0	550.0	869.0	1809.0	2416.0	3900.0	10055	368.10.D.0235	84.62
CCSYAGSYTVF	IGLV1-40	19.0	1.0	26.0	376.0	36.0	1433.0	1644.0	199.0	5854.0	9588	368.02a.C.0197	81.82
CLLSYSGAWVF	IGLV1-44	45.0	1.0		1434.0	99.0	3.0	7113.0	490.0	11.0	9196	BD55-6356	81.82
CCSYAGSSTYVF	IGLV1-44	20.0	34.0		440.0	1136.0	1.0	1812.0	5344.0	10.0	8797	AZ025	83.33
CAAWDDSLNGWVF	IGLV1-36	22.0	34.0		371.0	767.0	6.0	1616.0	3643.0	28.0	6487	C2031	84.62
CSSYTSSNTLAF	IGLV1-44	45.0			1232.0			4718.0	11.0	7.0	6013	PDI-285	83.33
CAAWDDSLSGWVF	IGLV1-36	10.0	16.0		144.0	647.0		741.0	2915.0	5.0	4478	C1410	84.62
CSSYTSSSPVF	IGLV1-44	36.0			580.0	2.0		2526.0	6.0	5.0	3155	BD56-273	81.82
CSSYTSTFYVF	IGLV1-44			9.0			588.0		2.0	2274.0	2873	Ehling_mAb-133	81.82
CCSYAGSSTVVF	IGLV1-40		8.0			477.0		14.0	2184.0	2.0	2685	C1613	83.33
CQSYDSSNWVF	IGLV2-11		11.0			391.0		2.0	1775.0	3.0	2182	V039	81.82
CLLYYGGAWVF	IGLV1-44	15.0	6.0		197.0	177.0	1.0	862.0	813.0	2.0	2073	DH1214	81.82
CSSYTSSSPYVF	IGLV2-14		8.0		1.0	341.0	3.0	2.0	1523.0		1878	S2H97	83.33
CSSYTSSSTVF	IGLV2-14	1.0	13.0	7.0	6.0	259.0	85.0	17.0	1107.0	363.0	1858	COV2-2551	81.82
CSSYTSSSYVF	IGLV2-14	6.0			366.0	1.0	4.0	1351.0	6.0	2.0	1736	AZ362	81.82
CSSYTTSSTLVL	IGLV1-44	3.0			309.0		1.0	1129.0		13.0	1455	P008_076	83.33
CCSYAGSPYVF	IGLV2-11		7.0		4.0	264.0			1115.0	1.0	1391	C064	81.82
CQSYDSSNVVF	IGLV2-11		10.0			212.0			981.0	1.0	1204	C2030	81.82
CSSYTSSSTLGF	IGLV2-14		5.0		4.0	239.0		2.0	940.0	4.0	1194	COVA2-34	83.33
CSSYTSSSTLF	IGLV1-44	7.0			254.0	12.0		825.0	64.0	3.0	1165	COV2-2147	81.82
CSSYAGSSYVF	IGLV1-36		10.0			232.0		3.0	835.0		1080	AZ025	81.82
CSSYTSSSWVF	IGLV1-47	1.0	6.0			198.0	3.0		820.0	1.0	1029	ab177	81.82
CCSYAGSSHVVF	IGLV1-44	4.0			198.0			775.0			977	C1613	83.33
CCSYVGSSVVF	IGLV1-40		6.0			180.0			789.0	1.0	976	H712365+L711685	81.82
CQSYDSSNHVVF	IGLV1-47		2.0	1.0		76.0	98.0		320.0	445.0	942	368.22.A.0081	83.33
CCSYAGSSSYVF	IGLV1-40		4.0			166.0			758.0		928	C1759	83.33
CSSYAGSNNPF	IGLV1-36		2.0			153.0			705.0		860	C1605	90.91
CAAWDDSLNGVVF	IGLV1-36	1.0	5.0		33.0	99.0		158.0	487.0	6.0	789	C536	84.62
CSSYAGSNNVVF	IGLV1-44		4.0			128.0		5.0	559.0		696	368.10.D.0316	83.33
CSSYTSSSTSI	IGLV2-14						59.0			546.0	605	C119	81.82
CCSYAGSSYVF	IGLV2-8		5.0		1.0	116.0		2.0	443.0	1.0	568	AZ025	81.82
CSSYTSSSNWVF	IGLV2-14		2.0		5.0	72.0		16.0	373.0	1.0	469	S2-L28	83.33
CQSYDSSNSWVF	IGLV6-57		2.0			100.0			354.0		456	BD55-3414	83.33
CSSYTSSSTGVF	IGLV2-14				13.0	72.0	2.0	12.0	351.0	5.0	455	R616-1G4	83.33
CCSYAGSSTGVF	IGLV2-11	10.0			86.0	4.0	2.0	325.0	13.0		440	C587	83.33
CCSYAGSFYVF	IGLV1-40		1.0			70.0			306.0		377	C1620	81.82
CCSYAGSSTVF	IGLV2-11	1.0				79.0		2.0	291.0	2.0	375	V053	81.82
CSSYTSSSTEVF	IGLV2-14		5.0	3.0	3.0	70.0		4.0	286.0		371	C2222	83.33
CCSYAGTSWVF	IGLV2-11		1.0			77.0			283.0		361	P34D10	81.82
CQSYDSSLSAYVF	IGLV1-40					1.0	52.0			288.0	341	BG10-7	84.62
CQSYDSSKGVF	IGLV2-11		2.0			55.0			264.0		321	XK01	81.82
CAAWDDSLRVF	IGLV1-36	7.0			41.0			262.0			310	BD55-302	81.82
CWSYAGRYTWVF	IGLV2-11			1.0			63.0			229.0	293	368.10.D.0212	83.33
CQSYDSSTWVF	IGLV2-14		2.0			42.0		1.0	243.0	1.0	289	BD56-956	81.82
CSSYTSSSTDI	IGLV2-14						5.0		1.0	266.0	272	368.04.B.0134	81.82
CSSYTSTSRVF	IGLV2-11		2.0			56.0		4.0	204.0	1.0	267	BD55-6297	81.82
CSSYAGTSTVF	IGLV2-11		1.0			43.0			200.0		244	BD57-0281	81.82
CCSYAGSYTVVF	IGLV1-44		4.0			53.0	1.0		184.0	1.0	243	368.04.B.0012	83.33
CCSYAGSNSYVF	IGLV1-40		2.0			50.0			190.0		242	C1793	83.33
CAAWDDSLNWVF	IGLV1-36		3.0			34.0			202.0		239	AZ360	83.33
CSSYTSSSTLVL	IGLV2-14	1.0			34.0	26.0	18.0	51.0	32.0	31.0	193	P008_076	91.67
CCSFAGSYTWVF	IGLV2-11		2.0			39.0		1.0	136.0		178	368.02a.C.0318	83.33
CAAWDDSLKVF	IGLV1-44		3.0			30.0			144.0		177	BD55-725	81.82
CSSYTGSSTLF	IGLV2-11		1.0			40.0			136.0		177	Fischer_hRBD11	81.82
CSSYTSSSTEI	IGLV2-14						4.0			163.0	167	C2222	81.82
CCSYAGSYTRVF	IGLV2-11		1.0		10.0	31.0		24.0	100.0		166	BD56-1200	83.33
CQSYDSSSWVF	IGLV6-57					28.0			138.0		166	BD55-3414	81.82
CSSYTSSSTWVL	IGLV2-14	1.0	1.0		23.0	25.0	1.0	44.0	63.0	6.0	164	P008_076	83.33
CSSYAGSSTYVF	IGLV2-14		1.0		11.0	26.0	1.0	37.0	75.0	1.0	152	AZ025	83.33
CCSYAGRYTWVF	IGLV1-44					30.0	1.0	1.0	117.0	1.0	150	368.10.D.0212	83.33
CQVWDRSSDHVVF	IGLV3-21						23.0		1.0	123.0	147	368.02a.C.0268	84.62
CCSYAGSPWVF	IGLV2-11					26.0			116.0		142	VAIN1WT_36	81.82
CSSYTSSSTVVL	IGLV2-14	1.0			23.0	30.0	4.0	45.0	25.0	13.0	141	P008_076	83.33
CSSYTSSSVVF	IGLV1-44					18.0			123.0		141	COV2-2190	81.82
CCSYAGSSWVF	IGLV1-44					20.0			105.0		125	368.02a.C.0563	81.82
CSSYTSSSTLEF	IGLV2-14					25.0			98.0		123	C2222	83.33
CCSYAGSRYVF	IGLV2-11		2.0			29.0			91.0		122	C909	81.82
CSSYTTSSTYVF	IGLV2-14				1.0	15.0	8.0	12.0	67.0	19.0	122	DH1181	83.33
CSSYTSSSGVVF	IGLV2-14					20.0			97.0		117	R616-1G4	83.33
CAAWDDSLSGVF	IGLV1-44				11.0			88.0			99	368.22.A.0233	83.33
CQSYDSNNLVF	IGLV2-14		1.0			17.0			79.0		97	P2-2D8	81.82
CQSYDSSIGVF	IGLV2-11		2.0			18.0			72.0		92	BD57-0126	81.82
CQAWDSSTAVF	IGLV2-14				13.0	2.0		72.0	4.0		91	368.02a.C.0369	81.82
CQSYDSSNHGWVF	IGLV6-57					14.0			65.0		79	BD55-6623	84.62
CSSYTSSSTLLF	IGLV2-11					23.0		4.0	50.0	1.0	78	COV2-2147	83.33
CSSYAGSYTVF	IGLV2-11	2.0			6.0		8.0	21.0	2.0	36.0	75	368.02a.C.0197	81.82
CSSYTSSTLVF	IGLV2-14	3.0	1.0		11.0	2.0		39.0	12.0	6.0	74	COV2-2268	81.82
CLLSYSGAWVL	IGLV7-46				26.0	1.0		42.0	1.0		70	BD55-6356	81.82
CSSYTSSSTRF	IGLV1-47		1.0			10.0	21.0	3.0	26.0	9.0	70	COVA1-08	81.82
CAAWDDSLGYVF	IGLV1-44					10.0			58.0		68	002-S13B3	83.33
CSSYAGSSTVIF	IGLV2-14						7.0			57.0	64	C1759	83.33
CQSYDSSLSGSGF	IGLV1-40					16.0			47.0		63	368.04.B.0018	84.62
CSSYAGSSTVVF	IGLV2-8				2.0	8.0		8.0	45.0		63	C1613	83.33
CSSYTSSSTRVL	IGLV1-44				17.0	9.0		26.0	10.0		62	P008_076	83.33
CCSYAGSSTVIF	IGLV2-23				1.0		10.0	2.0	1.0	43.0	57	C1759	83.33
CCSYAGSYRVF	IGLV2-11	2.0	1.0		7.0			47.0			57	BD56-1200	81.82
CSSYTSSSLYVF	IGLV1-47					11.0		1.0	43.0		55	COV2-2147	83.33
CSSYTSSSTIF	IGLV2-14			1.0		1.0	3.0		9.0	41.0	55	COV2-2551	81.82
CAAWDDSLSWVF	IGLV1-44					11.0			42.0		53	368.02a.C.0112	83.33
CSSYTSSSTVIY	IGLV2-14						38.0			15.0	53	P008_076	83.33
CQVWDSSSDHYVF	IGLV3-21					13.0			39.0		52	H711899+L711281	84.62
CAAWDDSLNSWVF	IGLV1-44	1.0				7.0			43.0		51	C2031	84.62
CAAWDDSLNYVF	IGLV1-44		1.0			9.0			39.0		49	002-S13B3	83.33
CCSYAGSYTFGF	IGLV2-11					6.0			40.0		46	P003_022	83.33
CCSYAGSNNPF	IGLV2-11					13.0			31.0		44	C1605	81.82
CQVWDSSSDHVVF	IGLV3-21	1.0			3.0	1.0		21.0	17.0		43	368.02a.C.0022	84.62
CQVWDSSSDHWVF	IGLV3-21				4.0	1.0		32.0	5.0		42	368.02a.C.0125	84.62
CAAWDDSVWVF	IGLV1-44					5.0		1.0	34.0		40	BD56-200	81.82
CAAWDDSLNGWVL	IGLV1-44				8.0	6.0		6.0	19.0		39	C2031	84.62
CQSYDSSPWVF	IGLV6-57					6.0			33.0		39	V033	81.82
CAAWDDNLSGWVF	IGLV1-36					6.0			32.0		38	XGv-297	84.62
CQSYDSSLSGEVF	IGLV1-40		1.0			7.0			28.0		36	S2X35	84.62
CLLYYGGAWVL	IGLV7-43				6.0	9.0		13.0	6.0		34	DH1214	81.82
CAAWDDSLNGLF	IGLV1-44					5.0			27.0	1.0	33	BG10-13	83.33
CSSYTSSSPVL	IGLV2-11	1.0			15.0			17.0			33	BD56-273	81.82
CSSYTSSSTTF	IGLV2-14			1.0			3.0		1.0	28.0	33	COV2-2551	81.82
CSSYAGSNNGVF	IGLV2-8					7.0			25.0		32	368.10.D.0316	83.33
CSSYTSSSTLV	IGLV2-14					2.0		24.0	5.0		31	COV2-2268	90.91
CSSYAGSPYVF	IGLV2-14					11.0		2.0	16.0		29	368.01a.A.0185	81.82
QSYDSSLSGSGVF	IGLV1-44					10.0			19.0		29	S2X35	84.62
CAAWDDSLSGWVL	IGLV1-47		1.0		2.0	7.0		2.0	14.0		26	C1410	84.62
CSSYAGSSSYVF	IGLV2-11					8.0			17.0	1.0	26	C1759	83.33
CSSYAGSNNFV	IGLV2-14					6.0			19.0		25	368.10.D.0316	81.82
CAAWDDSLNGWVS	IGLV1-36		2.0		5.0	3.0		4.0	9.0	1.0	24	C2031	84.62
CSSYTSSSTYVL	IGLV2-14				2.0	3.0	4.0	1.0	4.0	10.0	24	P008_076	83.33
CSSYTSSSTGI	IGLV2-14					1.0	1.0		4.0	17.0	23	R616-1G4	81.82
CSSYTSSSTVL	IGLV2-11					8.0	3.0		11.0	1.0	23	COV2-2147	81.82
CSSYTSSTLGVF	IGLV2-14		1.0			2.0			16.0	4.0	23	9O21L	83.33
CAAWDDSLNVVF	IGLV1-44					3.0			19.0		22	002-S13B3	83.33
CCSYAGSYEVF	IGLV2-23				1.0			21.0			22	368.20.B.0086	81.82
CSSYTSSSTLYV	IGLV2-14					2.0		3.0	17.0		22	COVA2-34	91.67
CSSYTSTLYVF	IGLV2-14						3.0			19.0	22	AZ262	81.82
CAAWDDSLWVF	IGLV1-36				1.0	7.0			13.0		21	AZ045	81.82
CQSYDSSNWVL	IGLV6-57					3.0			17.0		20	V039	81.82
CSSYTSSSTQI	IGLV2-14						1.0	4.0		15.0	20	CQTS157	81.82
RLLSYSGAWVF	IGLV7-46				9.0			10.0	1.0		20	BD55-6356	81.82
RSSYTSSSTLVF	IGLV2-14		1.0	1.0		3.0		12.0	3.0		20	P008_076	83.33
CCSYAGSSHVVL	IGLV1-44				7.0			12.0			19	C1613	83.33
CQAWDSSTYVF	IGLV1-40					5.0		1.0	13.0		19	368.01a.A.0171	81.82
CQVWDSSSDHLVF	IGLV3-21				3.0			12.0	4.0		19	C626	84.62
CSSYTSSSTWVS	IGLV2-14	1.0	1.0		1.0	4.0		3.0	8.0	1.0	19	COVA1-08	83.33
CSSYTSSTLEVF	IGLV2-14	1.0				1.0		15.0	1.0	1.0	19	C2222	83.33
CTSYAGSNSYVF	IGLV2-11					2.0			17.0		19	C1793	83.33
CQAWDSSTVVF	IGLV1-40					5.0			13.0		18	368.02a.C.0030	81.82
CSSFTSSSTLVL	IGLV2-14				10.0			6.0	2.0		18	P008_076	83.33
CSSYTSSSTLVS	IGLV2-14	2.0				6.0	2.0	5.0	3.0		18	P008_076	83.33
CAAWDDSLNGYVS	IGLV1-44					1.0	6.0	4.0	3.0	3.0	17	368.10.D.0235	84.62
CCSYAGSYTLF	IGLV2-11				3.0			14.0			17	CDC-A10	81.82
CAAWDDSLNGYVL	IGLV1-44				1.0	1.0	1.0	2.0	5.0	6.0	16	368.10.D.0235	84.62
CCSYAGSSTLF	IGLV2-23				3.0			9.0	4.0		16	C1612	81.82
CCSYAGSTWVF	IGLV2-11								15.0	1.0	16	BD57-0358	81.82
CSSYTSNTLAF	IGLV2-5				1.0			15.0			16	PDI-285	81.82
CSSYTSSSTLYVL	IGLV2-14	1.0	1.0		3.0	5.0		1.0	5.0		16	COVA2-34	84.62
GSSYTSSSTLVF	IGLV2-14					3.0	2.0	7.0		4.0	16	P008_076	83.33
CAAWDDSLSRVF	IGLV1-47					2.0			13.0		15	CC12.20	83.33
CCSYAGSTYVF	IGLV2-8				1.0	4.0		2.0	8.0		15	AZ025	81.82
CSSYAGSSHVVF	IGLV2-14				5.0			10.0			15	C1613	83.33
CLLSYSGAWVS	IGLV7-46				7.0			7.0			14	BD55-6356	81.82
CSSYTSSSTRL	IGLV2-14	1.0					3.0		1.0	9.0	14	COV2-2147	81.82
CSSYTSSSTYV	IGLV2-14							8.0	6.0		14	S2H97	90.91
CCSYAGSSTHVF	IGLV2-23	1.0				2.0			9.0	1.0	13	C1613	83.33
CGSYAGSNSYVF	IGLV2-14								13.0		13	C1793	83.33
CSSYAGSSNYVF	IGLV2-14	4.0			4.0			5.0			13	C1793	83.33
CSSYTSSSTLDF	IGLV2-14					4.0			9.0		13	368.04.B.0134	83.33
SSSYTSSSTLVF	IGLV2-14				6.0	2.0		5.0			13	P008_076	83.33
CCSYAGSYTDVF	IGLV2-11		1.0			1.0			9.0	1.0	12	368.04.B.0012	83.33
CCSYARSTFVF	IGLV2-14					1.0			11.0		12	C668	81.82
CLLSYSGAVVF	IGLV7-46				6.0			5.0	1.0		12	368.02a.C.0187	81.82
CLLSYSGAYVF	IGLV7-46						1.0	5.0		6.0	12	H712495+K711745	81.82
CQSYDGSNVVF	IGLV6-57					3.0			9.0		12	553-15	81.82
CQSYDSSLSGWVF	IGLV1-44					2.0			10.0		12	S2X259	84.62
CSSYAGSNNGF	IGLV2-14					2.0			10.0		12	C1605	81.82
CSSYAGSSTVF	IGLV2-14					3.0			9.0		12	V053	81.82
CSSYTSSSTDVF	IGLV2-14							3.0	9.0		12	368.04.B.0134	83.33
CSSYTSSSTLGI	IGLV2-14				2.0	3.0		2.0	3.0	2.0	12	COVA2-34	83.33
CSSYTSSSTLVI	IGLV2-14					1.0		1.0	8.0	2.0	12	P008_076	83.33
FLLSYSGAWVF	IGLV7-46				6.0	1.0		2.0	3.0		12	BD55-6356	81.82
CAAWDDSLNGPDF	IGLV1-44					2.0			9.0		11	C536	84.62
CSSYTGTFYVF	IGLV2-14						4.0			7.0	11	BD55-6020	81.82
CSSYTSSSTLGL	IGLV2-14					3.0		2.0	6.0		11	COVA2-34	91.67
SAAWDDSLNGYVF	IGLV1-44		1.0			2.0	4.0		2.0	2.0	11	368.10.D.0235	84.62
CCSYAGTSFPYV	IGLV2-23								10.0		10	C1631	83.33
CGSYAGSSTYVF	IGLV2-11		1.0						9.0		10	C1759	83.33
CSSYTSSSTAF	IGLV2-14				1.0		1.0		3.0	5.0	10	COV2-2551	81.82
CSSYTSSSTGF	IGLV2-14					4.0	1.0	2.0	1.0	2.0	10	R616-1G4	81.82
CSSYTSSSTLAL	IGLV2-14							7.0	1.0	2.0	10	COVA2-34	83.33
CSSYTSSSTLRL	IGLV2-14					2.0			8.0		10	COVA2-34	83.33
CSSYTSSTLWVF	IGLV2-14					2.0		1.0	7.0		10	BD56-603	83.33
CSSYTSSTYVF	IGLV2-14	1.0	1.0	1.0		2.0	1.0		2.0	2.0	10	BD55-5450	81.82
AAWDDSLNGYVF	IGLV2-14				4.0			2.0	3.0		9	368.10.D.0235	91.67
CQSYDSSNVVL	IGLV6-57					3.0			6.0		9	BD56-092	81.82
CSSFAGSYTWVF	IGLV2-14					1.0		4.0	4.0		9	368.02a.C.0318	83.33
CSSYAGNNFVF	IGLV2-8		1.0			1.0			7.0		9	PDI-293	81.82
CSSYTSSPYVF	IGLV2-14							6.0	3.0		9	368.04.B.0076	81.82
CSSYTSSSNYVF	IGLV2-14				1.0			5.0	3.0		9	R40-1G12	83.33
CSSYTSSSRQI	IGLV2-14						1.0			8.0	9	CQTS157	81.82
CSSYTSSSTSVL	IGLV2-14				2.0	1.0		1.0	5.0		9	P008_076	83.33
SAAWDDSLNGWVF	IGLV1-44							2.0	7.0		9	C2031	84.62
CCSYAGRSTYV	IGLV2-23				1.0			7.0			8	AZ025	81.82
CCSYAGSSTFV	IGLV2-23							4.0	4.0		8	AZ025	81.82
CCSYAGSSTYVL	IGLV2-23				1.0			2.0	5.0		8	AZ025	83.33
CCSYAGSSTYVS	IGLV2-23					2.0		1.0	5.0		8	AZ025	83.33
CCSYTSSSYVF	IGLV2-11							8.0			8	BD55-5450	81.82
CQSYDSSLSGSGV	IGLV1-40								8.0		8	S2X35	84.62
CQSYDSSLSGVVF	IGLV1-40					3.0		1.0	4.0		8	S2X35	84.62
CSSFTSSGTYV	IGLV2-14						6.0			2.0	8	Ab_81C3	81.82
CSSYAGTSWVF	IGLV2-14					3.0			5.0		8	P34D10	81.82
CSSYTSSSTLDV	IGLV2-14							2.0	6.0		8	368.04.B.0134	91.67
CSSYTSSSTLI	IGLV2-14					1.0	2.0	2.0	2.0	1.0	8	COV2-2147	81.82
CSSYTSSSTWGL	IGLV2-14				4.0	1.0		2.0	1.0		8	COVA2-34	83.33
CSSYTSSTPVF	IGLV2-14							4.0	4.0		8	BD56-273	81.82
CYSYAGSNSYVF	IGLV2-5				1.0	1.0		2.0	4.0		8	C1793	83.33
LLLSYSGAWVF	IGLV7-46				2.0			6.0			8	BD55-6356	81.82
RSSYTSSSTWVF	IGLV2-14	4.0	2.0			1.0			1.0		8	COVA1-08	83.33
SSSYTSSSTWVF	IGLV2-14				3.0			4.0	1.0		8	COVA1-08	83.33
CCSYTSTFYVF	IGLV2-11						1.0			6.0	7	BD56-945	81.82
CQSYDRRLSAWVF	IGLV1-40								7.0		7	BG10-7	92.31
CSSFTSSTLVF	IGLV2-14	1.0						6.0			7	XGv-030	81.82
CSSYAGSNSYV	IGLV2-8					2.0			5.0		7	C1759	81.82
CSSYAGSSTNVF	IGLV2-8					3.0			4.0		7	C1628	83.33
CSSYTSSSTPVL	IGLV2-14				4.0				3.0		7	P008_076	83.33
CSSYTSSSTYVS	IGLV2-14		2.0					2.0	3.0		7	S2H97	83.33
CSSYTSSSWVL	IGLV2-14					2.0			5.0		7	AZ362	81.82
CSSYVGSSVVF	IGLV2-14					1.0			6.0		7	H712365+L711685	81.82
CTSYTSSTWVF	IGLV2-11	1.0			2.0			3.0	1.0		7	BD55-6509	81.82
GAAWDDSLNGYVF	IGLV1-44							2.0	1.0	4.0	7	368.10.D.0235	84.62
GSSYTSSSTYVF	IGLV2-5					1.0		2.0	4.0		7	S2H97	83.33
PSSYTSSSTLVF	IGLV2-14				2.0	2.0	3.0				7	P008_076	83.33
RSSYTSSSTYVF	IGLV2-14	1.0			2.0			2.0	2.0		7	S2H97	83.33
AAWDDSLNGMVF	IGLV2-11					4.0			2.0		6	002-S13B3	83.33
CAAWDDSLNGWVY	IGLV1-36					3.0		2.0	1.0		6	C2031	84.62
CAAWDDSLRGVF	IGLV1-47				1.0	1.0		2.0	2.0		6	AZ050	83.33
CAAWDDSLSGWVS	IGLV1-44							3.0	3.0		6	C1410	84.62
CCSYAGSTVVF	IGLV2-23				1.0				3.0	2.0	6	C1357	81.82
CCSYAGSTYVVF	IGLV2-23							4.0	2.0		6	AZ025	83.33
CCSYAGSYTLYV	IGLV2-11								6.0		6	C1612	83.33
CFSYAGSSTYVF	IGLV2-11							3.0	3.0		6	C1759	83.33
CGADHGSGSNFGF	IGLV9-49					4.0			2.0		6	COV2-2226	84.62
CGADHGSGSNSVF	IGLV9-49								6.0		6	COV2-2226	84.62
CQAWDSSTGVF	IGLV3-1				1.0			4.0	1.0		6	DH1083	81.82
CQSYDSSLSGVF	IGLV1-40					2.0		2.0	2.0		6	BG10-7	83.33
CQVWDSSSVLF	IGLV2-11					1.0			5.0		6	BD56-683	81.82
CSSFTSSSTVF	IGLV2-14				3.0			3.0			6	BD57-0116	81.82
CSSYAGSFYVF	IGLV2-14								6.0		6	C1620	81.82
CSSYAGSNNYV	IGLV2-8							5.0	1.0		6	BD55-1334	81.82
CSSYAGSSTHVF	IGLV2-8							1.0	4.0	1.0	6	C1613	83.33
CSSYTGSSTLGVF	IGLV2-14							4.0	2.0		6	9O21L	84.62
CSSYTNSSTYVF	IGLV2-14	2.0				2.0		1.0	1.0		6	C1607	83.33
CSSYTSSSTLGV	IGLV2-14							2.0	4.0		6	9O21L	83.33
CSSYTSSSTLVV	IGLV2-14									6.0	6	P008_076	83.33
CSSYTSSSTLYVS	IGLV2-14				1.0			1.0	4.0		6	COVA2-34	84.62
CSSYTSSSTVS	IGLV2-14			1.0			1.0		2.0	2.0	6	BG4-27	81.82
CSSYTSSTLGYVF	IGLV2-14	2.0			1.0			3.0			6	COVA2-34	84.62
CSSYTSTFYVL	IGLV2-11						3.0			3.0	6	Ehling_mAb-133	81.82
CSSYTSTPWVF	IGLV2-14					1.0			5.0		6	ab029	81.82
CSSYTTSTLVF	IGLV2-14				1.0			3.0		2.0	6	C1381	81.82
LSSYTSSSTLVF	IGLV2-14				2.0	2.0		1.0	1.0		6	P008_076	83.33
PSSYTSSSTWVF	IGLV2-14				1.0	2.0			3.0		6	COVA1-08	83.33
RAAWDDSLNGWVF	IGLV1-36								6.0		6	C2031	84.62
RCSYAGSYTVF	IGLV2-11						3.0			3.0	6	368.02a.C.0197	81.82
ATWDDSLSGVF	IGLV2-14	1.0						4.0			5	BD56-125	81.82
CCSYAGSTSYVF	IGLV2-23					2.0			3.0		5	C1759	83.33
CCSYAGSYTYVS	IGLV2-23					2.0			3.0		5	P003_022	83.33
CCSYVGSPYVF	IGLV2-11				2.0			1.0	2.0		5	C2595	81.82
CGTWDSSLSVYVF	IGLV1-44							5.0			5	mAb-194	84.62
CLLYYGGAGVF	IGLV7-43				1.0				4.0		5	368.02a.C.0195	81.82
CNSYAGSSTVIF	IGLV2-14									5.0	5	C1759	83.33
CNSYTSSSYVF	IGLV2-14				1.0			4.0			5	P054_004	81.82
CQSYDSSLGVF	IGLV1-40								5.0		5	368.02a.C.0576	81.82
CQSYDSSLSVVF	IGLV1-40				1.0			2.0	2.0		5	BG10-7	83.33
CQSYDSSNQVL	IGLV6-57							2.0	3.0		5	BD56-092	81.82
CQVWDSSTGVF	IGLV1-47								5.0		5	368.04.B.0123	81.82
CSPYAGSNSYVF	IGLV2-8					1.0			4.0		5	C1793	83.33
CSSYAGSSPYVF	IGLV2-8					2.0			3.0		5	C1612	83.33
CSSYAGSSTGVF	IGLV2-14	1.0			2.0	1.0		1.0			5	C587	83.33
CSSYAGSYTRVF	IGLV2-11								5.0		5	BD56-1200	83.33
CSSYKSSTYVL	IGLV2-14									5.0	5	AZ362	81.82
CSSYTSSNNPF	IGLV2-14					1.0			4.0		5	368.22.A.0184	81.82
CSSYTSSSNWVL	IGLV2-14					2.0			3.0		5	S2-L28	83.33
CSSYTSSSPVY	IGLV2-14				2.0			3.0			5	BD56-273	81.82
CSSYTSSSTFVL	IGLV2-14					1.0			4.0		5	P008_076	83.33
CSSYTSSSTGVL	IGLV2-14					3.0			2.0		5	R616-1G4	83.33
CSSYTSSSTLL	IGLV2-14							4.0	1.0		5	COV2-2147	90.91
CSSYTSSSTLSL	IGLV2-11				2.0			3.0			5	COVA2-34	83.33
CSSYTSSSTLVLI	IGLV2-14								5.0		5	P008_076	84.62
CSSYTSSSTPLVL	IGLV2-14							5.0			5	P008_076	84.62
CSSYTSSSTYI	IGLV2-14						1.0		1.0	3.0	5	AZ262	81.82
CSSYTSSTHVF	IGLV2-14				2.0					3.0	5	COV2-2190	81.82
CSSYTSSTPWVF	IGLV1-40	1.0				2.0			2.0		5	S2-L28	83.33
CSSYTSSTQVL	IGLV2-14				2.0			3.0			5	AZ362	81.82
CSSYTSSTTYV	IGLV2-14									5.0	5	BD55-5450	81.82
CSYAGSSTWVF	IGLV1-40								5.0		5	AZ025	81.82
CSYAGSYTLVF	IGLV1-44							3.0	2.0		5	ab185	81.82
CSYAGSYTWVF	IGLV1-47					4.0		1.0			5	368.02a.C.0318	81.82
CYSYAGSNNYV	IGLV2-5				2.0			3.0			5	C1793	81.82
CYSYAGSSNYVF	IGLV2-8	4.0			1.0						5	C1793	83.33
FSSYTSSSTLVF	IGLV2-18	1.0			1.0			3.0			5	P008_076	83.33
SSYTSSSTHVF	IGLV1-44					2.0			2.0	1.0	5	P195-2A1	81.82
SSYTSSSTYVF	IGLV1-44					5.0					5	S2H97	90.91
YSSYTSSSTLVF	IGLV2-14					1.0		4.0			5	P008_076	83.33
